TimeUTC,timestampInMs,requestPath,requestMethod,requestQueryString,responseStatusCode,requestId,requestUserAgent,level,environment,branch,vercelCache,type,function,host,deploymentDomain,deploymentId,durationMs,region,maxMemoryUsed,memorySize,message,projectId,traceId,sessionId,invocationId,instanceId,concurrency,workflowRunId,workflowStepId
2026-08-08 20:34:04,1786221244558,uytapkgdep-qqy89nv0w-isaevalikanybekovich-designs-projects.vercel.app/favicon.png,GET,,404,2pkmz-1786221244558-4a4fb26a2243,undici,,production,main,MISS,function,/,uytapkgdep-qqy89nv0w-isaevalikanybekovich-designs-projects.vercel.app,uytapkgdep-qqy89nv0w-isaevalikanybekovich-designs-projects.vercel.app,dpl_9YvxAyk3vBLQ2cNDheM112fuSLWk,6,iad1,211,2048,,prj_AKm1zudpD9E5Z2Ow6IyRvf9JksEp,,,01KZHHAC6TPGV0QB9R86TCC81G,5WrLkSVJStI9,1,,
2026-08-08 20:34:04,1786221244443,uytapkgdep-qqy89nv0w-isaevalikanybekovich-designs-projects.vercel.app/favicon.ico,GET,,404,glgj2-1786221244443-77f0fe9dd45c,undici,,production,main,MISS,function,/,uytapkgdep-qqy89nv0w-isaevalikanybekovich-designs-projects.vercel.app,uytapkgdep-qqy89nv0w-isaevalikanybekovich-designs-projects.vercel.app,dpl_9YvxAyk3vBLQ2cNDheM112fuSLWk,12,iad1,211,2048,,prj_AKm1zudpD9E5Z2Ow6IyRvf9JksEp,,,01KZHHAC27YGKEB7GYKVPXKH0S,5WrLkSVJStI9,1,,
2026-08-08 20:34:04,1786221244305,uytapkgdep-qqy89nv0w-isaevalikanybekovich-designs-projects.vercel.app/,GET,,404,xqp7f-1786221244305-d6b2e0e70d8b,undici,,production,main,MISS,function,/,uytapkgdep-qqy89nv0w-isaevalikanybekovich-designs-projects.vercel.app,uytapkgdep-qqy89nv0w-isaevalikanybekovich-designs-projects.vercel.app,dpl_9YvxAyk3vBLQ2cNDheM112fuSLWk,24,iad1,211,2048,,prj_AKm1zudpD9E5Z2Ow6IyRvf9JksEp,,,01KZHHABY1F6GSYMPT3XER61FV,5WrLkSVJStI9,1,,
2026-08-08 20:31:51,1786221111269,uytapkgdep.vercel.app/,GET,,404,8vp2z-1786221111015-7e1bab67778f,"Mozilla/5.0 (Windows NT 10.0; Win64; x64) AppleWebKit/537.36 (KHTML, like Gecko) Chrome/151.0.0.0 Safari/537.36",info,production,main,MISS,function,/,uytapkgdep.vercel.app,uytapkgdep-qqy89nv0w-isaevalikanybekovich-designs-projects.vercel.app,dpl_9YvxAyk3vBLQ2cNDheM112fuSLWk,,,,,Legacy server listening...,prj_AKm1zudpD9E5Z2Ow6IyRvf9JksEp,,,,,,,
2026-08-08 20:31:51,1786221111015,uytapkgdep.vercel.app/,GET,,404,8vp2z-1786221111015-7e1bab67778f,"Mozilla/5.0 (Windows NT 10.0; Win64; x64) AppleWebKit/537.36 (KHTML, like Gecko) Chrome/151.0.0.0 Safari/537.36",,production,main,MISS,function,/,uytapkgdep.vercel.app,uytapkgdep-qqy89nv0w-isaevalikanybekovich-designs-projects.vercel.app,dpl_9YvxAyk3vBLQ2cNDheM112fuSLWk,49,iad1,210,2048,,prj_AKm1zudpD9E5Z2Ow6IyRvf9JksEp,,,01KZHH69Y1SFSXVWXM2NS0ZH7C,5WrLkSVJStI9,1,,
2026-08-08 20:29:52,1786220992219,uytapkgdep-qqy89nv0w-isaevalikanybekovich-designs-projects.vercel.app/,GET,,404,w9g8t-1786220992219-28db4580e97d,"Mozilla/5.0 (X11; Linux x86_64) AppleWebKit/537.36 (KHTML, like Gecko) HeadlessChrome/141.0.7390.0 Safari/537.36",,production,main,MISS,function,/,uytapkgdep-qqy89nv0w-isaevalikanybekovich-designs-projects.vercel.app,uytapkgdep-qqy89nv0w-isaevalikanybekovich-designs-projects.vercel.app,dpl_9YvxAyk3vBLQ2cNDheM112fuSLWk,6,iad1,218,2048,,prj_AKm1zudpD9E5Z2Ow6IyRvf9JksEp,,,01KZHH2NTMF9JFFCVNR2Z7AGDC,ifbL9yp7gYED,1,,
2026-08-08 20:29:52,1786220992107,uytapkgdep-qqy89nv0w-isaevalikanybekovich-designs-projects.vercel.app/,GET,,404,s7xdm-1786220992107-25677aadf640,"Mozilla/5.0 (X11; Linux x86_64) AppleWebKit/537.36 (KHTML, like Gecko) HeadlessChrome/141.0.7390.0 Safari/537.36",,production,main,MISS,function,/,uytapkgdep-qqy89nv0w-isaevalikanybekovich-designs-projects.vercel.app,uytapkgdep-qqy89nv0w-isaevalikanybekovich-designs-projects.vercel.app,dpl_9YvxAyk3vBLQ2cNDheM112fuSLWk,7,iad1,220,2048,,prj_AKm1zudpD9E5Z2Ow6IyRvf9JksEp,,,01KZHH2NMJ2XRZ90E0P409RKX0,ifbL9yp7gYED,1,,
2026-08-08 20:29:49,1786220989057,uytapkgdep-qqy89nv0w-isaevalikanybekovich-designs-projects.vercel.app/,GET,,404,m88vf-1786220988229-8e9b3737f24c,vercel-favicon/1.0,info,production,main,MISS,function,/,uytapkgdep-qqy89nv0w-isaevalikanybekovich-designs-projects.vercel.app,uytapkgdep-qqy89nv0w-isaevalikanybekovich-designs-projects.vercel.app,dpl_9YvxAyk3vBLQ2cNDheM112fuSLWk,,,,,Legacy server listening...,prj_AKm1zudpD9E5Z2Ow6IyRvf9JksEp,,,,,,,
2026-08-08 20:29:48,1786220988229,uytapkgdep-qqy89nv0w-isaevalikanybekovich-designs-projects.vercel.app/,GET,,404,m88vf-1786220988229-8e9b3737f24c,vercel-favicon/1.0,,production,main,MISS,function,/,uytapkgdep-qqy89nv0w-isaevalikanybekovich-designs-projects.vercel.app,uytapkgdep-qqy89nv0w-isaevalikanybekovich-designs-projects.vercel.app,dpl_9YvxAyk3vBLQ2cNDheM112fuSLWk,560,iad1,207,2048,,prj_AKm1zudpD9E5Z2Ow6IyRvf9JksEp,,,01KZHH2HYTMPY0FASF1ED8H5XY,t20DpptUDBiB,1,,
2026-08-08 20:29:49,1786220989148,uytapkgdep-qqy89nv0w-isaevalikanybekovich-designs-projects.vercel.app/favicon.png,GET,,404,w8v2c-1786220988228-15baeccdcb62,vercel-favicon/1.0,info,production,main,MISS,function,/,uytapkgdep-qqy89nv0w-isaevalikanybekovich-designs-projects.vercel.app,uytapkgdep-qqy89nv0w-isaevalikanybekovich-designs-projects.vercel.app,dpl_9YvxAyk3vBLQ2cNDheM112fuSLWk,,,,,Legacy server listening...,prj_AKm1zudpD9E5Z2Ow6IyRvf9JksEp,,,,,,,
2026-08-08 20:29:48,1786220988228,uytapkgdep-qqy89nv0w-isaevalikanybekovich-designs-projects.vercel.app/favicon.png,GET,,404,w8v2c-1786220988228-15baeccdcb62,vercel-favicon/1.0,,production,main,MISS,function,/,uytapkgdep-qqy89nv0w-isaevalikanybekovich-designs-projects.vercel.app,uytapkgdep-qqy89nv0w-isaevalikanybekovich-designs-projects.vercel.app,dpl_9YvxAyk3vBLQ2cNDheM112fuSLWk,639,iad1,206,2048,,prj_AKm1zudpD9E5Z2Ow6IyRvf9JksEp,,,01KZHH2HZCBQRX6QAC1WGT5EXZ,wMrVKLkXJtrA,1,,
2026-08-08 20:29:49,1786220989130,uytapkgdep-qqy89nv0w-isaevalikanybekovich-designs-projects.vercel.app/favicon.ico,GET,,404,d8wpk-1786220988222-2295767fd71b,vercel-favicon/1.0,info,production,main,MISS,function,/,uytapkgdep-qqy89nv0w-isaevalikanybekovich-designs-projects.vercel.app,uytapkgdep-qqy89nv0w-isaevalikanybekovich-designs-projects.vercel.app,dpl_9YvxAyk3vBLQ2cNDheM112fuSLWk,,,,,Legacy server listening...,prj_AKm1zudpD9E5Z2Ow6IyRvf9JksEp,,,,,,,
2026-08-08 20:29:48,1786220988222,uytapkgdep-qqy89nv0w-isaevalikanybekovich-designs-projects.vercel.app/favicon.ico,GET,,404,d8wpk-1786220988222-2295767fd71b,vercel-favicon/1.0,,production,main,MISS,function,/,uytapkgdep-qqy89nv0w-isaevalikanybekovich-designs-projects.vercel.app,uytapkgdep-qqy89nv0w-isaevalikanybekovich-designs-projects.vercel.app,dpl_9YvxAyk3vBLQ2cNDheM112fuSLWk,693,iad1,220,2048,,prj_AKm1zudpD9E5Z2Ow6IyRvf9JksEp,,,01KZHH2HYP2DZP0XRQX6S41B4B,ifbL9yp7gYED,1,,
